CREATE PROCEDURE InsertEnTablas
AS
BEGIN
	INSERT INTO Roles (IdRol, NombreRol)
	VALUES
		('1', 'Paciente'),
		('2', 'Administrativo'),
		('3', 'Medico')
	;

	INSERT INTO Personas (
		IdPersona, Nombre, Apellido1, Apellido2, IdRol, FechaNacimiento, Direccion, Telefono)
		VALUES 
		('101053316', 'LUCILA', 'PORRAS', 'AGUERO', '1', '1980-05-12', 'Calle 1, San José', '6234-1123'),
		('101086526', 'DINORA', 'OBANDO', 'GARCIA', '2', '1975-11-23', 'Calle 2, Alajuela', '6278-2245'),
		('101141655', 'TRINIDAD', 'VINDAS', 'PEREZ', '1', '1990-03-15', 'Calle 3, Cartago', '6291-3345'),
		('101142031', 'INOCENCIA', 'MEZA', 'VEGA', '3', '1985-07-30', 'Calle 4, Heredia', '6342-4456'),
		('101164392', 'JOSE FRANCISCO', 'DUARTE', 'QUESADA', '2', '1998-01-19', 'Calle 5, Limón', '6333-5567'),
		('101240037', 'ANA MARIA', 'PEREZ', 'PEREZ', '1', '1978-02-02', 'Calle 6, Guanacaste', '6284-6678'),
		('101240732', 'MARIA JOSEFA', 'CARVAJAL', 'AGUERO', '3', '1995-08-09', 'Calle 7, Puntarenas', '6345-7789'),
		('101280947', 'GERMAN', 'CARVAJAL', 'BERMUDEZ', '1', '1982-10-24', 'Calle 8, San Carlos', '6376-8890'),
		('101290149', 'JOSE VICENTE', 'ACUÑA', 'ACUÑA', '2', '1976-04-06', 'Calle 9, Pérez Zeledón', '6367-9901'),
		('101290354', 'BENITIVO', 'ARIAS', 'CAMPOS', '1', '1984-09-17', 'Calle 10, Escazú', '6358-1234'),
		('101320047', 'DAISY', 'DURAN', 'CHINCHILLA', '2', '1992-12-25', 'Calle 11, Santa Ana', '6339-2345'),
		('101320635', 'ARABELA', 'CASTRO', 'ALFARO', '3', '1988-06-18', 'Calle 12, Tibás', '6348-3456'),
		('101330367', 'RAMON', 'RIOS', 'MONTES', '1', '1979-07-11', 'Calle 13, La Unión', '6369-4567'),
		('101330473', 'JOSE', 'CISNEROS', 'CHACON', '2', '1993-05-14', 'Calle 14, Moravia', '6350-5678'),
		('101330740', 'NELLY', 'COTO', 'SOLANO', '3', '1986-11-01', 'Calle 15, San Miguel', '6341-6789'),
		('101330898', 'ANTONIO MARIO', 'RODRIGUEZ', 'ARAYA', '1', '1977-03-21', 'Calle 16, San Ramón', '6322-7890'),
		('101340164', 'MANUEL ANTONIO', 'CAMACHO', 'MONDRAGON', '2', '1983-09-30', 'Calle 17, Liberia', '6313-8901'),
		('101350119', 'ADAN', 'CESPEDES', 'ARIAS', '3', '1999-04-28', 'Calle 18, Santo Domingo', '6304-9012'),
		('101350285', 'JULIETA', 'CASTRO', 'ALVARADO', '1', '1991-10-09', 'Calle 19, Turrialba', '6295-0123'),
		('101350654', 'GABRIELA', 'QUESADA', 'TALAVERA', '2', '1987-01-15', 'Calle 20, San Isidro', '6286-1234'),
		('101360343', 'CARMEN', 'BONILLA', 'BRENES', '1', '1981-06-04', 'Calle 21, Alajuelita', '6377-2345'),
		('101370377', 'JULIETA', 'ZELEDON', 'MATAMOROS', '3', '1994-02-20', 'Calle 22, Desamparados', '6368-3456'),
		('101370531', 'EMELINA', 'HIDALGO', 'FLORES', '2', '1990-07-27', 'Calle 23, Naranjo', '6359-4567'),
		('101370826', 'ALICIA', 'ARTAVIA', 'HERNANDEZ', '1', '1975-12-15', 'Calle 24, Atenas', '6340-5678'),
		('101370879', 'GUADALUPE', 'ALPIZAR', 'BRENES', '3', '1989-03-06', 'Calle 25, Carrillo', '6331-6789'),
		('101380459', 'DAISY', 'FALLAS', 'CALDERON', '2', '1984-11-30', 'Calle 26, Tilarán', '6322-7890'),
		('101380569', 'LUZ', 'JIMENEZ', 'MORENO', '1', '1976-05-22', 'Calle 27, San Vito', '6313-8901'),
		('101390562', 'MARIA JOSEFA', 'CASTRO', 'CHACON', '3', '1992-08-14', 'Calle 28, Cañas', '6304-9012'),
		('101390981', 'MARIA ROSARIO', 'HERNANDEZ', 'CAMACHO', '1', '1991-09-11', 'Calle 29, La Fortuna', '6295-0123'),
		('101390996', 'CIDELY MARIA', 'RODRIGUEZ', 'MADRIGAL', '2', '1980-04-02', 'Calle 30, Guápiles', '6286-1234'),
		('101410818', 'ESMERALDA', 'FALLAS', 'ALPIZAR', '3', '1988-12-17', 'Calle 31, Río Claro', '6377-2345'),
		('101410977', 'MARIA', 'QUIROS', 'CHAVES', '1', '1982-10-08', 'Calle 32, San Pedro', '6368-3456'),
		('101410986', 'OLIVA', 'MATA', 'SOLIS', '2', '1977-02-24', 'Calle 33, San José', '6359-4567'),
		('101420259', 'ROBERTO', 'ESPINOZA', 'JIMENEZ', '1', '1995-06-12', 'Calle 34, La Garita', '6340-5678'),
		('101420429', 'EVA', 'SOLIS', 'SOLIS', '3', '1993-11-18', 'Calle 35, San Miguel', '6331-6789'),
		('101420982', 'EFRAIN', 'CHINCHILLA', 'BARBOZA', '2', '1981-08-05', 'Calle 36, Palmares', '6322-7890'),
		('101430241', 'DIONICIO', 'MONGE', 'SALAZAR', '1', '1978-07-29', 'Calle 37, Orotina', '6313-8901'),
		('101430262', 'JUAN JOSE', 'SANCHEZ', 'RIVERA', '2', '1999-09-23', 'Calle 38, Paraíso', '6304-9012'),
		('101430599', 'JUDITH', 'CASTILLO', 'BARBOZA', '3', '1994-05-31', 'Calle 39, Coto Brus', '6295-0123'),
		('101440305', 'MARIA DE LA CARIDAD', 'ROJAS', 'MORA', '1', '1986-03-13', 'Calle 40, Buenos Aires', '6286-1234'),
		('101440528', 'CAROLINA', 'NAVARRO', 'UREÑA', '2', '1985-10-02', 'Calle 41, Zarcero', '6377-2345'),
		('101440643', 'DELMA', 'CARMONA', 'CORDERO', '3', '1991-12-08', 'Calle 42, San Carlos', '6368-3456'),
		('101440729', 'OLGA', 'ESCALANTE', 'WIEPKING', '3', '1970-09-15', 'Calle 43, San José', '6341-7890'),
		('101450088', 'ZELMIRA', 'LOPEZ', 'CORRALES', '1', '1965-04-10', 'Calle 44, Alajuela', '6332-8901'),
		('101450137', 'DAVID', 'CHAVES', 'ZAMORA', '2', '1970-09-27', 'Calle 45, Cartago', '6323-9012'),
		('101450809', 'ALICE', 'PANINSKI', 'ROJAS', '3', '1988-10-09', 'Calle 46, Heredia', '6314-0123'),
		('101450835', 'ALBERTINA', 'ROJAS', 'GARRO', '1', '1979-01-21', 'Calle 47, Guanacaste', '6305-1234'),
		('101451001', 'ABUNDIO', 'MONGE', 'MARIN', '2', '1980-02-04', 'Calle 48, San Carlos', '6296-2345'),
		('101460311', 'BLANCA', 'QUESADA', 'MONGE', '3', '1982-05-07', 'Calle 49, Turrialba', '6287-3456'),
		('101460563', 'ANA MARIA', 'JIMENEZ', 'ZUÑIGA', '2', '1990-06-27', 'Calle 50, Pérez Zeledón', '6278-4567'),
		('101800465', 'RITA', 'DIAZ', 'AMADOR', '3', '1985-03-15', 'Calle 1, San José', '6012-1234'),
		('101800467', 'ROSA PAZ', 'ZU IGA', 'CRUZ', '3', '1990-06-22', 'Calle 2, Alajuela', '7012-5678'),
		('101800469', 'RUTH', 'HERNANDEZ', 'ZAPATA', '3', '1982-09-18', 'Calle 3, Cartago', '6013-4321'),
		('101800558', 'IGNACIO OFELIO', 'CHINCHILLA', 'MESEN', '3', '1978-11-05', 'Calle 4, Heredia', '7013-8765'),
		('101800586', 'BERTA', 'BLANCO', 'CORRALES', '3', '1983-02-25', 'Calle 5, Guanacaste', '6014-1357'),
		('101800724', 'ETELVINA', 'JIMENEZ', 'NAVARRO', '3', '1979-12-10', 'Calle 6, Puntarenas', '7014-9753'),
		('101800735', 'ALICIA', 'CHACON', 'ALARCON', '3', '1988-05-14', 'Calle 7, Limón', '6015-2468'),
		('101800770', 'JOSE MARIA', 'MU OZ', 'VENEGAS', '3', '1995-07-29', 'Calle 8, San José', '7015-3579'),
		('101800784', 'MANUELA', 'MORA', 'QUIROS', '3', '1981-04-03', 'Calle 9, Cartago', '6016-1597'),
		('101800852', 'NERY', 'MESEN', 'FALLAS', '3', '1992-08-12', 'Calle 10, Alajuela', '7016-4682'),
		('101800859', 'MARIA', 'BARRANTES', 'SANCHEZ', '3', '1987-11-25', 'Calle 11, Heredia', '6017-8745'),
		('101800873', 'BENJAMIN', 'CASCANTE', 'CHACON', '3', '1980-10-09', 'Calle 12, San José', '7017-2365'),
		('101800897', 'MARINA', 'ROJAS', 'FALLAS', '3', '1994-03-16', 'Calle 13, Guanacaste', '6018-9823'),
		('101800922', 'DAISY', 'MESEN', 'CALDERON', '3', '1977-06-30', 'Calle 14, Puntarenas', '7018-5647'),
		('101800942', 'LOURDES', 'FERNANDEZ', 'ARAYA', '3', '1989-09-01', 'Calle 15, Limón', '6019-1473'),
		('101800970', 'ARCADIO', 'SANDI', 'AGUERO', '3', '1984-07-22', 'Calle 16, San José', '7019-3654'),
		('101800973', 'ANIBAL', 'SANDI', 'VALVERDE', '3', '1976-05-04', 'Calle 17, Cartago', '6020-4981'),
		('101800975', 'FIDELIA', 'CHACON', 'ARIAS', '3', '1993-02-14', 'Calle 18, Alajuela', '7020-7542'),
		('101800977', 'ROSA DELIA', 'CHINCHILLA', 'PICADO', '3', '1982-01-19', 'Calle 19, Heredia', '6021-8365'),
		('101810047', 'GUILLERMO', 'BRENES', 'AVILA', '3', '1991-04-27', 'Calle 20, San José', '7021-4596'),
		('101810048', 'SOLEDAD ALICIA', 'VARGAS', 'ROJAS', '3', '1996-10-31', 'Calle 21, Guanacaste', '6022-5267'),
		('101810080', 'BERTO PORFIRIO', 'VEGA', 'GARCIA', '3', '1986-09-11', 'Calle 22, Puntarenas', '7022-6973'),
		('101810097', 'ERNESTINA', 'ARIAS', 'SOSA', '3', '1983-12-05', 'Calle 23, Limón', '6023-3214'),
		('101810103', 'ELENA', 'CHINCHILLA', 'MONTERO', '3', '1987-08-19', 'Calle 24, San José', '7023-9846'),
		('101810191', 'HERNAN', 'COLLADO', 'MARTINEZ', '3', '1994-11-02', 'Calle 25, Cartago', '6024-2678'),
		('101610881', 'ALICE', 'CASCANTE', 'CORRALES', '3', '1989-06-17', 'Calle 26, Alajuela', '7024-3495'),
		('101610980', 'FLORA', 'SALAZAR', 'VARGAS', '3', '1985-04-28', 'Calle 27, Heredia', '6025-4573'),
		('101611004', 'APODEMIO', 'ROBLES', 'ROJAS', '3', '1978-07-12', 'Calle 28, San José', '7025-5839'),
		('101620074', 'ELOISA', 'ROJAS', 'FERNANDEZ', '3', '1982-01-09', 'Calle 29, Guanacaste', '6026-3749'),
		('101620084', 'VERA', 'SAENZ', 'REINAULD', '3', '1980-03-30', 'Calle 30, Puntarenas', '7026-4827'),
		('101620235', 'ELSA', 'MORA', 'BADILLA', '3', '1988-02-16', 'Calle 31, Limón', '6027-1953'),
		('101620278', 'FLORA', 'ACU A', 'QUIROS', '3', '1983-11-24', 'Calle 32, San José', '7027-3641'),
		('101620390', 'MARIA CRISTINA', 'VALVERDE', 'VARGAS', '3', '1977-09-07', 'Calle 33, Cartago', '6028-4716'),
		('101620396', 'ELADIO', 'CARTIN', 'ALVARADO', '3', '1995-08-23', 'Calle 34, Alajuela', '7028-5137'),
		('101620456', 'JOVINO', 'BARBOZA', 'ARROYO', '3', '1984-05-06', 'Calle 35, Heredia', '6029-6421');
	;


	INSERT INTO Consultorios (IdConsultorio, NombreConsultorio, Ubicacion)
	  VALUES
	  -- Planta Baja (Z)
	  ('Z-001', 'Odontología General', 'Planta Baja'),
	  ('Z-002', 'Odontología Infantil', 'Planta Baja'),
	  ('Z-003', 'Ortodoncia', 'Planta Baja'),
	  ('Z-004', 'Endodoncia', 'Planta Baja'),
	  ('Z-005', 'Periodoncia', 'Planta Baja'),
	  ('Z-006', 'Radiología', 'Planta Baja'),
	  ('Z-007', 'Tomografía Computarizada', 'Planta Baja'),
	  ('Z-008', 'Resonancia Magnética', 'Planta Baja'),
	  ('Z-009', 'Rayos X', 'Planta Baja'),
	  ('Z-010', 'Laboratorio Dental', 'Planta Baja'),

	  -- Primer Piso (A)
	  ('A-101', 'Emergencias', 'Piso 1'),
	  ('A-102', 'Urgencias', 'Piso 1'),
	  ('A-103', 'Cuidados Paliativos para Adultos Mayores', 'Piso 1'),
	  ('A-104', 'Rehabilitación Geriátrica', 'Piso 1'),
	  ('A-105', 'Medicina Interna Geriátrica', 'Piso 1'),
	  ('A-106', 'Neurología Geriátrica', 'Piso 1'),
	  ('A-107', 'Psiquiatría Geriátrica', 'Piso 1'),
	  ('A-108', 'Cardiología Geriátrica', 'Piso 1'),
	  ('A-109', 'Enfermería Geriátrica', 'Piso 1'),
	  ('A-110', 'Trabajo Social', 'Piso 1'),

	  -- Segundo Piso (B)
	  ('B-201', 'Cardiología', 'Piso 2'),
	  ('B-202', 'Nefrología', 'Piso 2'),
	  ('B-203', 'Gastroenterología', 'Piso 2'),
	  ('B-204', 'Endocrinología', 'Piso 2'),
	  ('B-205', 'Reumatología', 'Piso 2'),
	  ('B-206', 'Alergología', 'Piso 2'),
	  ('B-207', 'Inmunología', 'Piso 2'),
	  ('B-208', 'Hematología', 'Piso 2'),
	  ('B-209', 'Oncología', 'Piso 2'),
	  ('B-210', 'Infectología', 'Piso 2'),

	  -- Tercer Piso (C)
	  ('C-301', 'Pediatría', 'Piso 3'),
	  ('C-302', 'Neonatología', 'Piso 3'),
	  ('C-303', 'Pediatría General', 'Piso 3'),
	  ('C-304', 'Pediatría Oncológica', 'Piso 3'),
	  ('C-305', 'Pediatría Cardíaca', 'Piso 3'),
	  ('C-306', 'Pediatría Pulmonar', 'Piso 3'),
	  ('C-307', 'Gastroenterologia', 'Piso 3'),
	  ('C-308', 'Pediatría Neurológica', 'Piso 3'),
	  ('C-309', 'Pediatría Endocrinológica', 'Piso 3'),
	  ('C-310', 'Pediatría Nefrológica', 'Piso 3'),

	  -- Cuarto Piso (D)
	  ('D-401', 'Unidad de Cuidados Intensivos (UCI)', 'Piso 4'),
	  ('D-402', 'Neurología', 'Piso 4'),
	  ('D-403', 'Neurocirugía', 'Piso 4'),
	  ('D-404', 'Neurología Infantil', 'Piso 4'),
	  ('D-405', 'Unidad de Cuidados Intensivos Neonatales (UCIN)', 'Piso 4'),
	  ('D-406', 'Administración', 'Piso 4'),
	  ('D-407', 'Comedor', 'Piso 4'),
	  ('D-408', 'Cuidados Críticos', 'Piso 4'),
	  ('D-409', 'Trauma', 'Piso 4'),
	  ('D-410', 'Quemados', 'Piso 4')
	;

	INSERT INTO Citas (IdCita, IdPaciente, IdMedico, IdConsultorio, FechaHora, Motivo)
	VALUES
		('CITA-001', '101053316', '101086526', 'Z-001', '2024-10-15 09:00:00', 'Consulta de control odontológico'),
		('CITA-002', '101141655', '101142031', 'Z-002', '2024-10-16 10:30:00', 'Revisión dental infantil'),
		('CITA-003', '101164392', '101240037', 'Z-003', '2024-10-16 11:00:00', 'Consulta de ortodoncia'),
		('CITA-004', '101240732', '101280947', 'Z-004', '2024-10-17 14:00:00', 'Tratamiento de endodoncia'),
		('CITA-005', '101290149', '101290354', 'Z-005', '2024-10-18 09:15:00', 'Consulta periodontal'),
		('CITA-006', '101320047', '101320635', 'Z-006', '2024-10-18 13:45:00', 'Radiografía dental'),
		('CITA-007', '101330367', '101330473', 'Z-007', '2024-10-19 08:00:00', 'Tomografía computarizada'),
		('CITA-008', '101330740', '101330898', 'Z-008', '2024-10-19 09:30:00', 'Resonancia magnética dental'),
		('CITA-009', '101340164', '101350119', 'Z-009', '2024-10-20 10:00:00', 'Rayos X odontológicos'),
		('CITA-010', '101350285', '101350654', 'Z-010', '2024-10-21 11:30:00', 'Toma de impresiones dentales'),
		('CITA-011', '101360343', '101370377', 'A-101', '2024-10-21 14:00:00', 'Consulta de emergencia'),
		('CITA-012', '101370531', '101370826', 'A-102', '2024-10-22 08:30:00', 'Consulta de urgencias'),
		('CITA-013', '101370879', '101380459', 'A-103', '2024-10-22 09:45:00', 'Consulta de cuidados paliativos'),
		('CITA-014', '101380569', '101390562', 'A-104', '2024-10-23 10:15:00', 'Rehabilitación geriátrica'),
		('CITA-015', '101390981', '101390996', 'A-105', '2024-10-23 14:00:00', 'Consulta de medicina interna geriátrica'),
		('CITA-016', '101410818', '101410977', 'A-106', '2024-10-24 08:45:00', 'Consulta de neurología geriátrica'),
		('CITA-017', '101410986', '101420259', 'A-107', '2024-10-24 09:15:00', 'Consulta de psiquiatría geriátrica'),
		('CITA-018', '101420429', '101420982', 'A-108', '2024-10-25 11:00:00', 'Consulta de cardiología geriátrica'),
		('CITA-019', '101430241', '101430262', 'A-109', '2024-10-25 14:00:00', 'Enfermería geriátrica'),
		('CITA-020', '101430599', '101440305', 'A-110', '2024-10-26 13:45:00', 'Consulta de trabajo social'),
		('CITA-021', '101440528', '101440643', 'B-201', '2024-10-27 08:15:00', 'Consulta de cardiología'),
		('CITA-022', '101440729', '101450088', 'B-202', '2024-10-27 10:30:00', 'Consulta de nefrología'),
		('CITA-023', '101450137', '101450809', 'B-203', '2024-10-28 09:00:00', 'Consulta de gastroenterología'),
		('CITA-024', '101450835', '101451001', 'B-204', '2024-10-28 11:15:00', 'Consulta de endocrinología'),
		('CITA-025', '101460311', '101460563', 'B-205', '2024-10-29 14:00:00', 'Consulta de reumatología'),
		('CITA-026', '101053316', '101086526', 'B-206', '2024-10-30 09:30:00', 'Consulta de alergología'),
		('CITA-027', '101141655', '101142031', 'B-207', '2024-10-30 10:00:00', 'Consulta de inmunología'),
		('CITA-028', '101164392', '101240037', 'B-208', '2024-10-31 14:30:00', 'Consulta de hematología'),
		('CITA-029', '101240732', '101280947', 'B-209', '2024-11-01 08:00:00', 'Consulta de oncología'),
		('CITA-030', '101290149', '101290354', 'B-210', '2024-11-01 10:45:00', 'Consulta de infectología'),
		('CITA-031', '101320047', '101320635', 'C-301', '2024-11-02 09:00:00', 'Consulta pediátrica'),
		('CITA-032', '101330367', '101330473', 'C-302', '2024-11-02 11:15:00', 'Consulta de neonatología'),
		('CITA-033', '101330740', '101330898', 'C-303', '2024-11-03 08:30:00', 'Consulta pediátrica general'),
		('CITA-034', '101340164', '101350119', 'C-304', '2024-11-03 09:45:00', 'Consulta de pediatría oncológica'),
		('CITA-035', '101350285', '101350654', 'C-305', '2024-11-04 10:30:00', 'Consulta de pediatría cardíaca'),
		('CITA-036', '101360343', '101370377', 'C-306', '2024-11-04 14:00:00', 'Consulta de pediatría pulmonar'),
		('CITA-037', '101370531', '101370826', 'C-307', '2024-11-05 08:15:00', 'Consulta de gastroenterología pediátrica'),
		('CITA-038', '101370879', '101380459', 'C-308', '2024-11-05 09:30:00', 'Consulta de pediatría neurológica'),
		('CITA-039', '101380569', '101390562', 'C-309', '2024-11-06 11:00:00', 'Consulta de pediatría endocrinológica'),
		('CITA-040', '101390981', '101390996', 'C-310', '2024-11-06 14:30:00', 'Consulta de pediatría nefrológica'),
		('CITA-041', '101410818', '101410977', 'D-401', '2024-11-07 08:00:00', 'Ingreso a UCI'),
		('CITA-042', '101410986', '101420259', 'D-402', '2024-11-07 10:45:00', 'Consulta de neurología'),
		('CITA-043', '101420429', '101420982', 'D-403', '2024-11-08 09:00:00', 'Consulta de neurocirugía'),
		('CITA-044', '101430241', '101430262', 'D-404', '2024-11-08 11:15:00', 'Consulta de neurología infantil'),
		('CITA-045', '101430599', '101440305', 'D-405', '2024-11-09 10:00:00', 'Ingreso a UCIN'),
		('CITA-046', '101440528', '101440643', 'D-406', '2024-11-09 13:00:00', 'Rehabilitacion'),
		('CITA-047', '101450835', '101164392', 'Z-004', '2024-08-21 08:45:00', 'Tratamiento de conducto dental'),
		('CITA-048', '101410818', '101141655', 'A-107', '2024-07-29 11:30:00', 'Consulta de psiquiatría geriátrica'),
		('CITA-049', '101410986', '101142031', 'D-409', '2024-08-04 14:00:00', 'Tratamiento por trauma craneoencefálico'),
		('CITA-050', '101370531', '101240037', 'C-302', '2024-08-27 16:15:00', 'Chequeo general para neonatos')
	;


	INSERT INTO Prescripcion (idPrescripcion, Fecha, idCita, idMedico, idPaciente) 
	VALUES 
	(1, '2024-10-15', 'CITA-001', '101086526', '101053316'),
	(2, '2024-10-16', 'CITA-002', '101142031', '101141655'),
	(3, '2024-10-16', 'CITA-003', '101240037', '101164392'),
	(4, '2024-10-17', 'CITA-004', '101280947', '101240732'),
	(5, '2024-10-18', 'CITA-005', '101290354', '101290149'),
	(6, '2024-10-18', 'CITA-006', '101320635', '101320047'),
	(7, '2024-10-19', 'CITA-007', '101330473', '101330367'),
	(8, '2024-10-19', 'CITA-008', '101330898', '101330740'),
	(9, '2024-10-20', 'CITA-009', '101350119', '101340164'),
	(10, '2024-10-21', 'CITA-010', '101350654', '101350285'),
	(11, '2024-10-21', 'CITA-011', '101370377', '101360343'),
	(12, '2024-10-22', 'CITA-012', '101370826', '101370531'),
	(13, '2024-10-22', 'CITA-013', '101380459', '101370879'),
	(14, '2024-10-23', 'CITA-014', '101390562', '101380569'),
	(15, '2024-10-23', 'CITA-015', '101390996', '101390981'),
	(16, '2024-10-24', 'CITA-016', '101410977', '101410818'),
	(17, '2024-10-24', 'CITA-017', '101420259', '101410986'),
	(18, '2024-10-25', 'CITA-018', '101420982', '101420429'),
	(19, '2024-10-25', 'CITA-019', '101430262', '101430241'),
	(20, '2024-10-26', 'CITA-020', '101440305', '101430599'),
	(21, '2024-10-27', 'CITA-021', '101440643', '101440528'),
	(22, '2024-10-27', 'CITA-022', '101450088', '101440729'),
	(23, '2024-10-28', 'CITA-023', '101450809', '101450137'),
	(24, '2024-10-28', 'CITA-024', '101451001', '101450835'),
	(25, '2024-10-29', 'CITA-025', '101460563', '101460311'),
	(26, '2024-10-30', 'CITA-026', '101086526', '101053316'),
	(27, '2024-10-30', 'CITA-027', '101142031', '101141655'),
	(28, '2024-10-31', 'CITA-028', '101240037', '101164392'),
	(29, '2024-11-01', 'CITA-029', '101280947', '101240732'),
	(30, '2024-11-01', 'CITA-030', '101290354', '101290149'),
	(31, '2024-11-02', 'CITA-031', '101320635', '101320047'),
	(32, '2024-11-02', 'CITA-032', '101330473', '101330367'),
	(33, '2024-11-03', 'CITA-033', '101330898', '101330740'),
	(34, '2024-11-03', 'CITA-034', '101350119', '101340164'),
	(35, '2024-11-04', 'CITA-035', '101350654', '101350285'),
	(36, '2024-11-04', 'CITA-036', '101370377', '101360343'),
	(37, '2024-11-05', 'CITA-037', '101370826', '101370531'),
	(38, '2024-11-05', 'CITA-038', '101380459', '101370879'),
	(39, '2024-11-06', 'CITA-039', '101390562', '101380569'),
	(40, '2024-11-06', 'CITA-040', '101390996', '101390981'),
	(41, '2024-11-07', 'CITA-041', '101410977', '101410818'),
	(42, '2024-11-07', 'CITA-042', '101420259', '101410986'),
	(43, '2024-11-08', 'CITA-043', '101420982', '101420429'),
	(44, '2024-11-08', 'CITA-044', '101430262', '101430241'),
	(45, '2024-11-09', 'CITA-045', '101440305', '101430599'),
	(46, '2024-11-09', 'CITA-046', '101440643', '101440528'),
	(47, '2024-08-21', 'CITA-047', '101164392', '101450835'),
	(48, '2024-07-29', 'CITA-048', '101141655', '101410818'),
	(49, '2024-08-04', 'CITA-049', '101142031', '101410986'),
	(50, '2024-08-27', 'CITA-050', '101240037', '101370531');


	INSERT INTO Especialidades (IdEspecialidad, IdPersona, Nombre) 
	VALUES 
	('1', '101053316', 'Paciente'), 
	('2', '101086526', 'Administrativo'),
	('3', '101142031', 'Medico General'),
	('4', '101320635', 'Enfermería'), 
	('5', '101330740', 'Cardiología'), 
	('6', '101350119', 'Dermatología'),
	('7', '101370879', 'Neumología'),
	('8', '101390562', 'Neurología'),
	('9', '101410818', 'Oncología'),
	('10', '101420429', 'Endocrinología'),
	('11', '101430599', 'Reumatología'),
	('12', '101440643', 'Hematología'),
	('13', '101440729', 'Psiquiatría'),
	('14', '101450809', 'Geriatría'),
	('15', '101460311', 'Pediatría'),
	('16', '101240732', 'Ginecología'),
	('17', '101800465', 'Urología'),
	('18', '101800467', 'Cirugía General'),
	('19', '101800469', 'Cirugía Plástica'),
	('20', '101800558', 'Cirugía Cardiovascular'),
	('21', '101800586', 'Neurocirugía'),
	('22', '101800724', 'Traumatología'),
	('23', '101800735', 'Otorrinolaringología'),
	('24', '101800770', 'Oftalmología'),
	('25', '101800784', 'Anestesiología'),
	('26', '101800852', 'Radiología'),
	('27', '101800859', 'Patología'),
	('28', '101800873', 'Inmunología Clínica'),
	('29', '101800897', 'Genética Médica'),
	('30', '101800922', 'Infectología'),
	('31', '101800942', 'Neonatología'),
	('32', '101800970', 'Alergología'),
	('33', '101800973', 'Toxicología'),
	('34', '101800975', 'Anatomía Patológica'),
	('35', '101800977', 'Angiología'),
	('36', '101810047', 'Medicina Paliativa'),
	('37', '101810048', 'Dermatología Pediátrica'),
	('38', '101810080', 'Neuropediatría'),
	('39', '101810097', 'Odontología'),
	('40', '101810103', 'Hepatología'),
	('41', '101810191', 'Cirugía Torácica'),
	('42', '101610881', 'Psiquiatría Infantil'),
	('43', '101610980', 'Terapia Intensiva Neonatal'),
	('44', '101611004', 'Cirugía Oncológica'),
	('45', '101620074', 'Proctología'),
	('46', '101620084', 'Foniatría'),
	('47', '101620235', 'Audiología'),
	('48', '101620278', 'Medicina Hiperbárica'),
	('49', '101620390', 'Electrofisiología Cardiaca'),
	('50', '101620396', 'Cirugía Maxilofacial')

	;

	INSERT INTO HistorialMedico (IdHistorial, IdPaciente, IdMedico, FechaEntrada, Diagnostico)
	VALUES
	('PZ6FUTT1', '101053316', '101142031', '2024-10-15', 'Consulta general para control de presión arterial'),
	('BAVB4QBB', '101086526', '101240732', '2024-10-19', 'Revisión anual ginecológica y evaluación de quistes'),
	('AE7LKN1Q', '101141655', '101320635', '2024-10-22', 'Evaluación de manchas en la piel y tratamiento para alergias'),
	('XV9TBDOZ', '101142031', '101330740', '2024-10-25', 'Examen de función pulmonar debido a bronquitis crónica'),
	('QWYOCZPX', '101164392', '101620456', '2024-10-28', 'Evaluación neurológica por migrañas recurrentes'),
	('IG23US9M', '101240037', '101620396', '2024-10-30', 'Consulta oncológica por sospecha de tumor en tiroides'),
	('J3PFZMWV', '101240732', '101620390', '2024-11-02', 'Control de glucosa y ajuste de medicación para diabetes'),
	('O5QCGVLH', '101280947', '101620278', '2024-11-05', 'Evaluación de dolor articular en rodilla'),
	('A7SVDXPI', '101290149', '101620235', '2024-11-08', 'Revisión hematológica para seguimiento de anemia'),
	('T5UQJMLO', '101290354', '101620084', '2024-11-11', 'Sesión de terapia psiquiátrica por ansiedad generalizada'),
	('VCY9MEHR', '101320047', '101620074', '2024-11-14', 'Consulta geriátrica para ajuste de medicamentos en adulto mayor'),
	('YUVFCKOD', '101320635', '101611004', '2024-11-17', 'Control de crecimiento y desarrollo en niño de 5 años'),
	('WSLFQDRK', '101330367', '101610980', '2024-11-20', 'Revisión ginecológica por dolor pélvico crónico'),
	('BYMQZLDP', '101330473', '101610881', '2024-11-23', 'Cambio de vendaje en herida tras cirugía menor'),
	('HM7SKP2X', '101330740', '101810191', '2024-11-26', 'Consulta cardiológica para seguimiento de hipertensión'),
	('TRB98XLE', '101330898', '101810103', '2024-11-29', 'Revisión de erupción cutánea en el abdomen'),
	('JAZVG72C', '101340164', '101810097', '2024-12-02', 'Control de asma moderada en paciente adulto'),
	('PLXYE3WB', '101350119', '101810080', '2024-12-05', 'Evaluación neurológica por pérdida de memoria'),
	('K5BUDJT7', '101350285', '101810048', '2024-12-08', 'Consulta oncológica para control de linfoma'),
	('U9ZNXJTV', '101350654', '101810048', '2024-12-11', 'Evaluación endocrinológica por sospecha de hipotiroidismo'),
	('GVKD9LS3', '101360343', '101810047', '2024-12-14', 'Revisión de articulaciones por artritis en manos'),
	('FCPZ4B3X', '101370377', '101800977', '2024-12-17', 'Consulta hematológica por niveles bajos de hemoglobina'),
	('DQXKZV8Y', '101370531', '101800977', '2024-12-20', 'Sesión de terapia para manejo de depresión mayor'),
	('R2VP8DJH', '101370826', '101800977', '2024-12-23', 'Evaluación geriátrica por caída reciente'),
	('OK3TLZVU', '101370879', '101800975', '2024-12-26', 'Chequeo pediátrico por tos persistente en niño'),
	('UFTMLWCY', '101380459', '101800973', '2024-12-29', 'Evaluación de quistes en ovarios tras ecografía'),
	('YZXPDT9H', '101380569', '101800973', '2025-01-02', 'Cambio de apósito en herida postoperatoria'),
	('RPLMAFX9', '101390562', '101800970', '2025-01-05', 'Consulta de seguimiento por hipertensión arterial'),
	('BDQJ5XZY', '101390981', '101800942', '2025-01-08', 'Revisión de manchas oscuras en la espalda'),
	('GTNX79JR', '101390996', '101800942', '2025-01-11', 'Evaluación de función pulmonar en paciente con EPOC'),
	('JXTMR4LU', '101410818', '101800922', '2025-01-14', 'Examen neurológico tras pérdida de coordinación motora'),
	('FCLHKWSB', '101410977', '101800922', '2025-01-17', 'Consulta oncológica para manejo de quimioterapia'),
	('DFV7XTRP', '101410986', '101800897', '2025-01-20', 'Evaluación endocrina por nódulos tiroideos'),
	('MXHB7FNA', '101420259', '101800897', '2025-01-23', 'Consulta reumatológica por dolor crónico en las rodillas'),
	('WBSGJPQE', '101420429', '101800970', '2025-01-26', 'Control de anemia aplásica tras transfusión de sangre'),
	('YPFKZQVH', '101420982', '101800897', '2025-01-29', 'Terapia psicológica para manejo de insomnio y estrés'),
	('TKMLO9VC', '101430241', '101800897', '2025-02-01', 'Evaluación geriátrica para revisión de mareos frecuentes'),
	('SJRQKDNO', '101430262', '101800970', '2025-02-04', 'Consulta pediátrica por erupción en piel en lactante'),
	('MBPSZQLO', '101430599', '101800859', '2025-02-07', 'Consulta ginecológica para control de embarazo de alto riesgo'),
	('HBDXF8MN', '101440305', '101800852', '2025-02-10', 'Curación de heridas tras operación de apendicitis'),
	('CL8B5KDJ', '101440528', '101800784', '2025-02-13', 'Control de seguimiento por enfermedad cardíaca'),
	('VWNJPXHC', '101440643', '101800784', '2025-02-16', 'Revisión dermatológica de manchas en el cuero cabelludo'),
	('FKXL9TDG', '101440729', '101800770', '2025-02-19', 'Evaluación de función pulmonar por neumonía'),
	('XYUV8JRG', '101450088', '101800735', '2025-02-22', 'Consulta neurológica por pérdida de sensibilidad en las piernas'),
	('ZYWQGKMB', '101450137', '101800735', '2025-02-25', 'Evaluación oncológica para ajuste de tratamiento de quimioterapia'),
	('BNWPTUXE', '101450809', '101800724', '2025-02-28', 'Consulta endocrinológica por síndrome metabólico'),
	('PTHQ7ZXS', '101450835', '101800724', '2025-03-03', 'Control reumatológico por dolor lumbar crónico'),
	('LFTY9B1M', '101451001', '101800586', '2025-03-06', 'Control de niveles de plaquetas tras tratamiento para trombocitopenia'),
	('GH5CNRLK', '101460311', '101800586', '2025-03-09', 'Terapia para manejo de estrés postraumático'),
	('QZ8KJYMT', '101460563', '101800558', '2025-03-12', 'Revisión geriátrica por pérdida de audición en adulto mayor'),
	('RBGVN65Z', '101800465', '101800469', '2025-03-15', 'Control pediátrico por diarrea crónica en niño de 2 años'),
	('JL9V8QXC', '101800469', '101800467', '2025-03-18', 'Consulta ginecológica por seguimiento de quistes ováricos')

	;

	INSERT INTO Medicamentos (IdMedicamento, Nombre, Descripcion, Tamaño) 
	VALUES
	('1', 'Ibuprofeno', 'Analgésico y antiinflamatorio', '400 mg'),
	('2', 'Amoxicilina', 'Antibiótico para infecciones bacterianas', '500 mg'),
	('3', 'Cetirizina', 'Antihistamínico para alergias', '10 mg'),
	('4', 'Atenolol', 'Antihipertensivo', '50 mg'),
	('5', 'Metformina', 'Control de diabetes tipo 2', '850 mg'),
	('6', 'Sertralina', 'Antidepresivo', '50 mg'),
	('7', 'Diazepam', 'Ansiolítico', '5 mg'),
	('8', 'Lisinopril', 'Antihipertensivo', '20 mg'),
	('9', 'Simvastatina', 'Reducción de colesterol', '20 mg'),
	('10', 'Furosemida', 'Diurético', '40 mg'),
	('11', 'Omeprazol', 'Inhibidor de bomba de protones', '20 mg'),
	('12', 'Salbutamol', 'Broncodilatador para asma', '100 mcg'),
	('13', 'Prednisona', 'Corticosteroide antiinflamatorio', '10 mg'),
	('14', 'Clopidogrel', 'Antiplaquetario', '75 mg'),
	('15', 'Citalopram', 'Antidepresivo', '20 mg'),
	('16', 'Losartán', 'Antihipertensivo', '50 mg'),
	('17', 'Metoprolol', 'Antihipertensivo', '100 mg'),
	('18', 'Gabapentina', 'Anticonvulsivo', '300 mg'),
	('19', 'Levotiroxina', 'Hormona tiroidea', '50 mcg'),
	('20', 'Duloxetina', 'Antidepresivo y analgésico', '30 mg'),
	('21', 'Acetaminofén', 'Analgésico y antipirético', '500 mg'),
	('22', 'Loratadina', 'Antihistamínico', '10 mg'),
	('23', 'Ranitidina', 'Inhibidor de histamina para úlceras', '150 mg'),
	('24', 'Fluticasona', 'Corticosteroide nasal', '200 mcg'),
	('25', 'Amiodarona', 'Antiarritmico', '200 mg'),
	('26', 'Metoclopramida', 'Antiemético', '10 mg'),
	('27', 'Nitroglicerina', 'Vasodilatador para angina', '0.4 mg'),
	('28', 'Carbamazepina', 'Anticonvulsivo', '200 mg'),
	('29', 'Montelukast', 'Antiinflamatorio para asma', '10 mg'),
	('30', 'Bupropión', 'Antidepresivo y ayuda para dejar de fumar', '150 mg'),
	('31', 'Amlodipino', 'Antihipertensivo', '5 mg'),
	('32', 'Fexofenadina', 'Antihistamínico', '180 mg'),
	('33', 'Tamsulosina', 'Alivio de síntomas urinarios', '0.4 mg'),
	('34', 'Simeticona', 'Antiflatulento', '125 mg'),
	('35', 'Clonazepam', 'Ansiolítico y anticonvulsivo', '0.5 mg'),
	('36', 'Dexametasona', 'Corticosteroide antiinflamatorio', '4 mg'),
	('37', 'Salmeterol', 'Broncodilatador de acción prolongada', '50 mcg'),
	('38', 'Zolpidem', 'Hipnótico para el insomnio', '10 mg'),
	('39', 'Clobetasol', 'Corticosteroide para dermatitis', '0.05%'),
	('40', 'Hydroxyzina', 'Ansiolítico y sedante', '25 mg'),
	('41', 'Enalapril', 'Antihipertensivo', '10 mg'),
	('42', 'Lisinopril', 'Antihipertensivo', '40 mg'),
	('43', 'Gabapentina', 'Anticonvulsivo', '600 mg'),
	('44', 'Prazosina', 'Antihipertensivo y tratamiento de PTSD', '1 mg'),
	('45', 'Valproato', 'Anticonvulsivo', '500 mg'),
	('46', 'Sildenafil', 'Tratamiento de disfunción eréctil', '50 mg'),
	('47', 'Naproxeno', 'Antiinflamatorio no esteroideo', '250 mg'),
	('48', 'Venlafaxina', 'Antidepresivo', '75 mg'),
	('49', 'Topiramato', 'Anticonvulsivo', '50 mg'),
	('50', 'Esomeprazol', 'Inhibidor de bomba de protones', '20 mg');

	INSERT INTO PrescripcionMedicamento (idPrescripcion, idMedicamento, Dosis, Frecuencia) 
	VALUES 
	(1, 1, '500mg', 'Cada 8 horas'),
	(2, 2, '250mg', 'Cada 12 horas'),
	(3, 3, '100mg', 'Cada 24 horas'),
	(4, 4, '200mg', 'Cada 6 horas'),
	(5, 5, '50mg', 'Cada 4 horas'),
	(6, 6, '500mg', 'Cada 8 horas'),
	(7, 7, '250mg', 'Cada 12 horas'),
	(8, 8, '100mg', 'Cada 24 horas'),
	(9, 9, '200mg', 'Cada 6 horas'),
	(10, 10, '50mg', 'Cada 4 horas'),
	(11, 11, '500mg', 'Cada 8 horas'),
	(12, 12, '250mg', 'Cada 12 horas'),
	(13, 13, '100mg', 'Cada 24 horas'),
	(14, 14, '200mg', 'Cada 6 horas'),
	(15, 15, '50mg', 'Cada 4 horas'),
	(16, 16, '500mg', 'Cada 8 horas'),
	(17, 17, '250mg', 'Cada 12 horas'),
	(18, 18, '100mg', 'Cada 24 horas'),
	(19, 19, '200mg', 'Cada 6 horas'),
	(20, 20, '50mg', 'Cada 4 horas'),
	(21, 21, '500mg', 'Cada 8 horas'),
	(22, 22, '250mg', 'Cada 12 horas'),
	(23, 23, '100mg', 'Cada 24 horas'),
	(24, 24, '200mg', 'Cada 6 horas'),
	(25, 25, '50mg', 'Cada 4 horas'),
	(26, 26, '500mg', 'Cada 8 horas'),
	(27, 27, '250mg', 'Cada 12 horas'),
	(28, 28, '100mg', 'Cada 24 horas'),
	(29, 29, '200mg', 'Cada 6 horas'),
	(30, 30, '50mg', 'Cada 4 horas'),
	(31, 31, '500mg', 'Cada 8 horas'),
	(32, 32, '250mg', 'Cada 12 horas'),
	(33, 33, '100mg', 'Cada 24 horas'),
	(34, 34, '200mg', 'Cada 6 horas'),
	(35, 35, '50mg', 'Cada 4 horas'),
	(36, 36, '500mg', 'Cada 8 horas'),
	(37, 37, '250mg', 'Cada 12 horas'),
	(38, 38, '100mg', 'Cada 24 horas'),
	(39, 39, '200mg', 'Cada 6 horas'),
	(40, 40, '50mg', 'Cada 4 horas'),
	(41, 41, '500mg', 'Cada 8 horas'),
	(42, 42, '250mg', 'Cada 12 horas'),
	(43, 43, '100mg', 'Cada 24 horas'),
	(44, 44, '200mg', 'Cada 6 horas'),
	(45, 45, '50mg', 'Cada 4 horas'),
	(46, 46, '500mg', 'Cada 8 horas'),
	(47, 47, '250mg', 'Cada 12 horas'),
	(48, 48, '100mg', 'Cada 24 horas'),
	(49, 49, '200mg', 'Cada 6 horas'),
	(50, 50, '50mg', 'Cada 4 horas');
END;

